epoch,grad_norm
1,0.17888686
2,0.2172768
3,0.21276337
4,0.20535547
5,0.18393648
6,0.18808778
