{"loss": [0.47754359245300293, 0.3310752213001251, 0.2817609906196594, 0.24773748219013214, 0.21320194005966187, 0.1925281286239624], "val_loss": [0.35264095664024353, 0.3491087853908539, 0.34991246461868286, 0.3588695228099823, 0.3759773373603821, 0.3903530240058899], "accuracy": [0.7702769041061401, 0.8698533177375793, 0.8920390605926514, 0.9063877463340759, 0.9221194386482239, 0.9302446246147156], "val_accuracy": [0.8566818833351135, 0.8574885725975037, 0.8609841465950012, 0.8574885725975037, 0.8554719090461731, 0.8574885725975037]}